search key,result
اموزش زبان انگلیسی,آموزش زبان انگلیسی در خانه
اموزش زبان انگلیسی,آموزش زبان انگلیسی در منزل رایگان
اموزش زبان انگلیسی,آموزش زبان انگلیسی از صفر تا صد رایگان
اموزش زبان انگلیسی,آموزش زبان انگلیسی در 60 روز pdf
اموزش زبان انگلیسی,آموزش زبان انگلیسی مبتدی
اموزش زبان انگلیسی,آموزش زبان انگلیسی از صفر pdf
اموزش زبان انگلیسی,آموزش زبان انگلیسی در 50 روز
اموزش زبان انگلیسی,آموزش زبان انگلیسی نصرت
زبان انگلیسی,زبان انگلیسی به انگلیسی
زبان انگلیسی,آموزش زبان انگلیسی از صفر تا صد رایگان
زبان انگلیسی,زبان انگلیسی به فارسی
زبان انگلیسی,آموزش زبان انگلیسی
زبان انگلیسی,بهترین اپلیکیشن آموزش زبان انگلیسی
زبان انگلیسی,آموزش زبان انگلیسی در خانه
زبان انگلیسی,آموزش زبان انگلیسی در منزل رایگان
زبان انگلیسی,آموزش زبان انگلیسی آپارات
اموزش المانی ,یادگیری زبان آلمانی چقدر طول می کشد
اموزش المانی ,یادگیری زبان آلمانی در خانه
اموزش المانی ,آموزش زبان آلمانی رایگان
اموزش المانی ,آموزش زبان آلمانی گوته
اموزش المانی ,اپلیکیشن آموزش زبان آلمانی به فارسی
اموزش المانی ,کتاب آموزش زبان آلمانی به فارسی pdf
اموزش المانی ,پکیج آموزش زبان آلمانی
اموزش المانی ,زبان آلمانی سخته؟
اموزش پایتون,آموزش پایتون pdf
اموزش پایتون,دانلود پایتون
اموزش پایتون,جزوه آموزش پایتون
اموزش پایتون,آموزش پایتون صفر تا صد
اموزش پایتون,زبان برنامه نویسی پایتون
اموزش پایتون,فرادرس
اموزش زبان برنامه نویسی,آموزش برنامه نویسی رایگان
اموزش زبان برنامه نویسی,برنامه نویسی چیست
اموزش زبان برنامه نویسی,یادگیری برنامه نویسی چقدر طول میکشد
اموزش زبان برنامه نویسی,درآمد برنامه نویسی
اموزش زبان برنامه نویسی,آموزش برنامه نویسی از صفر
اموزش زبان برنامه نویسی,هزینه کلاس برنامه نویسی
اموزش بازی سازی,آموزش بازی سازی با یونیتی
اموزش بازی سازی,رشته بازی سازی
اموزش بازی سازی,انستیتو ملی بازی سازی
اموزش بازی سازی,آموزش یونیتی
اموزش بازی سازی,اموزش نرم افزار سازی
اموزش بازی سازی,بازی ساز باش
اموزش بازی سازی,برنامه بازی سازی
اموزش بازی سازی,موتور های بازی سازی
اموزش جاوااسکریپت,آموزش جاوا اسکریپت pdf
اموزش جاوااسکریپت,آموزش جاوا اسکریپت رایگان
اموزش جاوااسکریپت,دوره جاوا اسکریپت
اموزش جاوااسکریپت,آموزش جاوا اسکریپت تاپ لرن
اموزش جاوااسکریپت,آموزش html
اموزش جاوااسکریپت,بهترین کتاب آموزش جاوا اسکریپت
اموزش جاوااسکریپت,آموزش css
اموزش جاوااسکریپت,آموزش پایتون
اموزش طراحی سایت,آموزش طراحی وب سایت از مبتدی تا پیشرفته
اموزش طراحی سایت,اموزش طراحی سایت html
اموزش طراحی سایت,اموزش طراحی سایت css
اموزش طراحی سایت,اموزش طراحی سایت javascript
اموزش طراحی سایت,آموزش طراحی سایت با مدرک بین المللی
اموزش طراحی سایت,آموزش طراحی سایت با وردپرس
